hook,body,cta,platform,schedule_date,scheduled_time,Status,visual_url
"Strategen machen einen Fehler — sie denken zu lange nach.","Als Stratege (Psychotyp S) liegt dein grösster Hebel nicht in tieferem Denken. Er liegt in konsequenterem Handeln. Dein Profil zeigt: Du hast die Antworten. Du hast das System. Was fehlt, ist der letzte Schritt: Raus aus dem Kopf, rein in die Welt.","→ Mach den kostenlosen NeuroBusiness-Schnelltest: neurobusiness.one",linkedin,2026-06-16,09:00,scheduled,
"5 Psychotypen. Welcher bist du?","Stratege · Visionär · Macher · Connector · Grübler — Nicht als Schublade. Als neuropsychologisches Muster, das deine Business-Entscheidungen steuert. Erkenne dich. Verstehe dich. Nutze dich.","→ 10 Fragen · 2 Minuten · Sofort-Ergebnis: neurobusiness.one",instagram,2026-06-16,18:00,scheduled,
"Visionäre beginnen 100 Projekte. Visionäre beenden 12.","Das ist kein Defizit. Das ist ein Muster. Als Visionär (Typ V) arbeitest du in Energie-Wellen: Inspiration → Idee → Anlauf → Erschöpfung → nächste Idee. Die Frage ist nicht, wie du aufhörst anzufangen. Die Frage ist, welche Idee deine Energie verdient.","→ Finde dein neuropsychologisches Muster: neurobusiness.one",linkedin,2026-06-17,09:00,scheduled,
"Der Burnout kommt nicht vom Zu-viel-Arbeiten.","Er kommt vom Arbeiten gegen das eigene Profil. Ich sehe das täglich: Unternehmerinnen, die im falschen Modus arbeiten. Die falsche Energie aufwenden. Die falsche Struktur erzwingen. Das ist erschöpfend — unabhängig von der Stundenzahl.","→ Verstehe dein Risikoprofil: neurobusiness.one",instagram,2026-06-17,18:00,scheduled,
"Macher brauchen kein Feedback. Sie brauchen Ergebnisse.","Wenn du Typ M bist, ist dein grösster Antrieb: Was funktioniert? Was bringt Resultate? Das macht dich schnell, entschlossen, effizient. Und manchmal blind für Details, die du nicht siehst — weil du schon beim nächsten Schritt bist.","→ Was dein Business-Profil über dich verrät: neurobusiness.one",linkedin,2026-06-18,09:00,scheduled,
"Kennst du dein neuropsychologisches Profil?","Nicht MBTI. Nicht Big Five. Sondern: Wie entscheidest du? Wie kommunizierst du? Wie reagierst du unter Druck? Das NeuroBusiness-Profiling kartiert 5 Dimensionen — und zeigt dir, wo dein grösster Hebel liegt.","→ Kostenloser Schnelltest: neurobusiness.one",instagram,2026-06-18,18:00,scheduled,
"Connectors sind die unsichtbaren CEOs.","Typ C: Du baust Beziehungen, die andere nicht sehen. Du öffnest Türen mit einem Gespräch. Du weißt, wer wen kennt — und warum das wichtig ist. Das ist keine Soft Skill. Das ist neuropsychologische Intelligenz.","→ Erkenne dein Profil: neurobusiness.one",linkedin,2026-06-19,09:00,scheduled,
"Warum kluge Menschen schlechte Business-Entscheidungen treffen.","Nicht wegen fehlender Intelligenz. Sondern wegen unbewusster Muster. Der Grübler analysiert zu lange. Der Visionär handelt zu früh. Der Macher übersieht Nuancen. Jedes Profil hat seinen blinden Fleck — und der kostet.","→ Finde deinen blinden Fleck: neurobusiness.one",instagram,2026-06-19,18:00,scheduled,
"Was ich als Neuropsychologin täglich in Business-Gesprächen beobachte:","Profil 1 (Stratege): Weiss alles — handelt zu wenig. Profil 2 (Visionär): Enthusiasmiert alle — baut selten fertig. Profil 3 (Macher): Liefert schnell — verliert Tiefe. Profil 4 (Connector): Kennt jeden — verliert sich in Beziehungen. Profil 5 (Grübler): Versteht alles — entscheidet fast nie. Welches bist du?","→ neurobusiness.one",linkedin,2026-06-20,09:00,scheduled,
"Regulatory Focus Theory — auf Business angewandt.","Higgins (1997): Menschen sind entweder promotion-fokussiert (auf Wachstum ausgerichtet) oder prevention-fokussiert (auf Sicherheit ausgerichtet). Keins von beiden ist besser. Aber beide brauchen eine andere Business-Strategie, einen anderen Vertriebsstil, eine andere Art zu kommunizieren.","→ Lerne deinen Fokus kennen: neurobusiness.one",linkedin,2026-06-21,09:00,scheduled,
"Die 5 Dimensionen des NeuroBusiness-Profils","1. Sozialstil: Introvertiert ↔ Extrovertiert 2. Entscheidungsmodus: Analytisch ↔ Intuitiv 3. Motivationsrichtung: Prävention ↔ Promotion 4. Arbeitsstil: Systematisch ↔ Experimentell 5. Resilienz: Vulnerabel ↔ Resilient — Das ist dein neuropsychologischer Fingerabdruck im Business.","→ Kostenloser Schnelltest: neurobusiness.one",instagram,2026-06-21,18:00,scheduled,
"Stratege + Grübler = das analytischste Business-Profil.","Wenn S und G sich überlappen, entsteht: Tiefes Denken + hohe Qualitätsstandards + Perfektionismus-Tendenz. Stärke: deine Arbeit ist exzellent. Schwäche: du weißt es meistens erst, wenn es zu spät ist.","→ Mixed-Typ Diagnostik: neurobusiness.one",linkedin,2026-06-22,09:00,scheduled,
"Ich war kurz davor, aufzuhören.","Dann habe ich mein eigenes neuropsychologisches Profil gemacht. Nicht als Übung. Als ehrliche Bestandsaufnahme. Was ich entdeckt habe: Ich hatte ein Business-Modell gebaut, das perfekt für einen anderen Typ war. Kein Wunder, dass ich erschöpft war.","→ Dein Profil. Dein Modell: neurobusiness.one",instagram,2026-06-22,18:00,scheduled,
"Visionäre und Connectors: die geborenen Netzwerker.","V+C Mischprofil: Du inspirierst und du verbindest. Du siehst Möglichkeiten und die Menschen, die sie umsetzen können. Das ist die stärkste Vertriebskombination, die ich kenne — wenn du weißt, wie du sie nutzt.","→ Finde dein Mixed-Profil: neurobusiness.one",linkedin,2026-06-23,09:00,scheduled,
"Burnout ist kein Energie-Problem.","Es ist ein Profil-Problem. Wenn du konstant gegen dein neuropsychologisches Muster arbeitest — in der falschen Struktur, mit den falschen Aufgaben, im falschen Tempo — dann erschöpft das auf einer Ebene, die kein Urlaub repariert.","→ Burnout-Risikoprofil verstehen: neurobusiness.one",instagram,2026-06-23,18:00,scheduled,
"Für Coaches: Warum deine Klientinnen nicht wachsen.","Nicht wegen fehlender Motivation. Wegen falschen Business-Modells für ihr Profil. Ein Stratege braucht eine andere Wachstumsstrategie als ein Connector. Ein Visionär braucht andere Strukturen als ein Macher. Wenn du das nicht weißt, coachst du das falsche Problem.","→ NeuroBusiness-Lizenz für Coaches: eva@neurobusiness.one",linkedin,2026-06-24,09:00,scheduled,
"Das Instrument, das Psychologen für Business nutzen.","NeuroBusiness™ — 50-Fragen-Diagnostik auf Basis von Regulatory Focus Theory, Big Five und Maslach Burnout Inventory. Wissenschaftlich fundiert. Sofort einsetzbar. Für Coaches, Berater, HR.","→ Lizenz anfragen: eva@neurobusiness.one",linkedin,2026-06-25,09:00,scheduled,
"Grübler sind nicht langsam. Sie sind zu genau.","Typ G: Du siehst Risiken, die andere übersehen. Du denkst Konsequenzen durch, bevor andere mit dem ersten Schritt beginnen. Das ist ein Superpower — in der richtigen Situation. In der falschen Situation kostet es dich Momentum, das andere nicht zurückgeben können.","→ Grübler-Profil verstehen: neurobusiness.one",instagram,2026-06-25,18:00,scheduled,
"Was der Schnelltest dir in 2 Minuten zeigt:","1. Dein Psychotyp (S/V/M/C/G) 2. Deine grösste Stärke im Business 3. Deinen blinden Fleck 4. Erste Strategie-Hinweise — Kostenlos. Sofort. Ohne Anmeldung.","→ neurobusiness.one",instagram,2026-06-26,18:00,scheduled,
"Macher + Connector: Das Verkaufs-Profil schlechthin.","M+C Mischtyp: Du lieferst Ergebnisse UND baust Beziehungen. Du schließt ab UND schaffst Loyalität. Wenn du weißt, wie du diese Energie kanalisierst, ist Vertrieb kein Aufwand mehr — es ist dein natürlicher Zustand.","→ Vollständige Diagnostik: neurobusiness.one",linkedin,2026-06-27,09:00,scheduled,
"Die häufigste Frage, die ich bekomme:","'Eva, warum hat mein Business nicht funktioniert?' Die häufigste Antwort: Weil du ein Modell gebaut hast, das für jemand anderen funktioniert. Nicht für dich. Das NeuroBusiness-Profil zeigt, welches Modell zu deinem neuropsychologischen Muster passt.","→ neurobusiness.one",instagram,2026-06-27,18:00,scheduled,
"Intuition ist kein Bauchgefühl. Es ist Mustererkennung.","Visionäre und Connectors entscheiden intuitiv — nicht weil sie ungenau sind, sondern weil ihr Gehirn Muster schneller verarbeitet als der rationale Verstand sie formulieren kann. Das ist Neuropsychologie, keine Mystik.","→ Dein Entscheidungsmodus: neurobusiness.one",linkedin,2026-06-28,09:00,scheduled,
"Was wäre, wenn du dein Business so gebaut hättest, wie dein Gehirn wirklich funktioniert?","Nicht das Modell, das auf Instagram glorifiziert wird. Nicht das, was deine Mentorin empfiehlt. Sondern das Modell, das zu deinem neuropsychologischen Profil passt — zu deiner Stärke, deinem Tempo, deiner Art zu kommunizieren.","→ Starte mit dem kostenlosen Schnelltest: neurobusiness.one",instagram,2026-06-28,18:00,scheduled,
"Ich biete gerade 3 kostenlose Discovery-Calls an.","Für Coaches, Berater und Führungskräfte, die das NeuroBusiness-Diagnostik-Tool in ihrer Praxis einsetzen wollen. 20 Minuten. Vollständige Demo. Keine Sales-Pitch.","→ DM mir oder: eva@neurobusiness.one",linkedin,2026-06-29,09:00,scheduled,
"Der Unterschied zwischen einem Persönlichkeitstest und einem Diagnostik-Instrument:","Persönlichkeitstest: beschreibt, wer du bist. Diagnostik-Instrument: zeigt, wie du im Business-Kontext funktionierst — und wo dein grösster Hebel für Veränderung liegt. NeuroBusiness ist ein Diagnostik-Instrument.","→ neurobusiness.one",instagram,2026-06-29,18:00,scheduled,
"Letzte Woche habe ich mit einer Unternehmensberaterin gesprochen.","12 Jahre Erfahrung. Erschöpft. Erfolgreich auf dem Papier, leer im echten Leben. Die Diagnostik zeigte: Sie arbeitete komplett gegen ihr neuropsychologisches Profil. In 90 Tagen hat sie ihr Modell restrukturiert. Heute: 30% mehr Umsatz. 40% weniger Arbeitszeit.","→ Deine Diagnostik: neurobusiness.one/diagnostic",linkedin,2026-06-30,09:00,scheduled,
"Dein neuropsychologisches Profil ändert sich nicht.","Aber dein Umgang damit kann sich radikal verändern. Das ist der Unterschied zwischen 'Ich bin so' und 'Ich verstehe, wie ich bin — und nutze es strategisch.'","→ Vollständige 50-Fragen-Diagnostik für 147€: neurobusiness.one",instagram,2026-06-30,18:00,scheduled,
"Regulatory Focus Theory in 30 Sekunden erklärt:","Promotion-Fokus: Du arbeitest auf Wachstum zu. Energie durch Möglichkeiten. Prevention-Fokus: Du arbeitest weg von Verlust. Energie durch Sicherheit. Keins davon ist besser. Aber dein Marketing, dein Vertrieb, deine Kommunikation sollte zu deinem Fokus passen — nicht gegen ihn.","→ Finde deinen Fokus: neurobusiness.one",linkedin,2026-07-01,09:00,scheduled,
"Für alle, die noch zögern:","Die vollständige NeuroBusiness-Diagnostik kostet 147€. Kein Abo. Keine Falle. Du bekommst: 50 Fragen · Vollständigen Report · 5D-Profil · Burnout-Analyse · Business-Strategie. Einmalig. Sofortzugang. 30–40 Minuten.","→ neurobusiness.one",instagram,2026-07-01,18:00,scheduled,
"Danke für 500 Quiz-Teilnehmer in diesem Monat.","Was ich dabei gelernt habe: Die häufigste Kombination ist S+G (Stratege/Grübler). Das analytischste Profil — und das mit dem stärksten Perfektionismus. Spannend, wer auf ein neuropsychologisches Business-Tool antwortet.","→ Bist du dabei? neurobusiness.one",linkedin,2026-07-02,09:00,scheduled,
